Captured by / Date,Codes,School,Year,Date,1.1. My knowledge of servant leadership,,1.2. My knowledge of own leadership style,,1.3. My ability to persuade,,1.4. Being responsible for my actions/reliable,,1.5. My Desire to help people develop themselves,,1.6. Being a role model to peers,,1.7. Being a role model in my community,,1.8. Having goals for my life,,1.9. Are you currently occupying a leadership role in your school or community ?,1.9.1. What is the role?,1.9.2. Do you think you would still be in this leadership role even if you weren't in Leader's Quest (tick one)...?,2.1. Interacting with new people,,2.2. Understanding other people's behavior,,2.3. Accepting other people's views,,2.4. Willingness to be friends with people from other race groups/cultures,,2.5. Working in a team,,2.6. Speaking in front of a group of people,,2.7. Listening skills,,3.1. Speaking openly about my emotions,,3.2. Thinking positively about my life,,3.3. Self-awareness (knowing my own character),,3.4. Feeling positive about my future,,3.5. Controlling my anger,,3.6. Coping with stress,,"3.7. Self-reflection (thinking about my life, emotions and behaviour)",,3.8. Feeling confident,,4.1. Problem solving skills,,4.2. Adapting to new environments,,4.3. Facing my fears,,4.4. Willingness to try new things,,4.5. Persistence/Persevarance (not giving up),,4.6. Feeling like I have support,,5.1. Knowledge of my potential Career Choices,,5.2. Having good Role models in my life,,5.3. Having a Supportive group of peers,,5.4. Having Someone supportive to talk to about my future,,5.5.Having Someone supportive to talk to about my school work,,5.6. Having Someone supportive to talk to about my emotions,,6.1. How would you rate the one-on-one session with your coach (tick N/A if you did not receive these sessions),6.2 Please give a Reason for the rating above,Name of counsellor,6.3 How would you rate the one-on-one counselling sessions you had with a Life Choices counsellor?,Please provide a reason for giving the counsellor that rating,"6.4 Do you have any suggestions on how we can improve the counsellling support provided to you?
",7.1_ What was the Highlight of the year with Leader's Quest,7.2_What did you find Challenging about the year with Leader's Quest,7.3_What could Life Choice's have done better to improve your experience as a leader's Quest Participant?,"7.4_How likely are you to recommend Leader's Quest to a friend? (NPS)
0-6 = Detractors
7-8 = Passives
9-10 = Promoters","7.4_How likely are you to recommend Leader's Quest to a friend? (NPS)
0-6 = Detractors
7-8 = Passives
9-10 = Promoters","7.5_Please give a reason for your answer
","Please give us with feedback on your final graduation. Let us know what you liked/didnâ€™t like about it
"
,,,,,BEGINNING GR.11,NOW,BEGINNING GR.11,NOW,BEGINNING GR.11,NOW,BEGINNING GR.11,NOW,BEGINNING GR.11,NOW,BEGINNING GR.11,NOW,BEGINNING GR.11,NOW,BEGINNING GR.11,NOW,,,,BEGINNING GR.11,NOW,BEGINNING GR.11,NOW,BEGINNING GR.11,NOW,BEGINNING GR.11,NOW,BEGINNING GR.11,NOW,BEGINNING GR.11,NOW,BEGINNING GR.11,NOW,BEGINNING GR.11,NOW,BEGINNING GR.11,NOW,BEGINNING GR.11,NOW,BEGINNING GR.11,NOW,BEGINNING GR.11,NOW,BEGINNING GR.11,NOW,BEGINNING GR.11,NOW,BEGINNING GR.11,NOW,BEGINNING GR.11,NOW,BEGINNING GR.11,NOW,BEGINNING GR.11,NOW,BEGINNING GR.11,NOW,BEGINNING GR.11,NOW,BEGINNING GR.11,NOW,BEGINNING GR.11,NOW,BEGINNING GR.11,NOW,BEGINNING GR.11,NOW,BEGINNING GR.11,NOW,BEGINNING GR.11,NOW,BEGINNING GR.11,NOW,,,,,,,,,,,,,
Joyce / 13/11,001,Heideveld High,2024,7-Nov-2024,4,10,3,4,2,8,1,7,4,6,2,10,3,7,Incorrect,9,No,,,2,9,4,6,3,4,5,8,6,9,4,7,Incorrect,10,4,10,5,7,3,9,2,10,1,7,Incorrect,8,4,10,2,9,2,10,3,9,5,10,4,8,5,7,4,6,3,10,4,9,6,10,2,7,5,9,Incorrect,10,Excellent,There are always good,/,N/A,/,Social project,/,/,/,10,Promotors,It is good,/
Nabeelah/13/11,002,Heideveld High,2024,7-Nov-2024,8,10,5,10,4,9,7,10,3,10,2,9,3,5,4,7,No,,,4,8,5,7,6,8,4,6,5,8,4,9,6,9,2,7,4,10,5,9,6,8,4,7,5,10,4,9,3,8,4,6,6,4,3,7,2,9,1,10,4,8,4,10,5,5,6,7,7,10,8,10,3,7,Excellent,I am better because of the program,/,N/A,/,,Graduation,Social Project,/,10,,Leadership,/
Nabeelah/13/11,003,Heideveld High,2024,7-Nov-2024,2,7,3,6,4,2,2,10,4,8,5,9,4,10,7,10,Missing,,,4,10,5,9,6,8,7,10,4,9,2,8,1,7,4,9,5,10,6,10,4,8,2,8,1,4,Incorrect,10,3,6,2,9,4,8,3,6,Incorrect,10,1,4,5,10,4,7,8,10,2,8,4,10,5,9,4,10,Excellent,/,/,N/A,/,/,Social Project,/,/,8,,It makes you better,/
Mihle/18/11/2024,004,Sophumelela High,2024,6-Nov-2024,5,10,5,10,6,10,7,9,5,10,3,8,10,10,8,10,No,,,8,10,10,10,10,10,10,10,8,10,1,5,5,10,5,8,8,9,10,10,5,10,3,5,5,5,5,10,3,5,8,10,8,10,3,5,5,10,10,10,2,8,5,10,5,10,5,5,5,10,5,5,5,10,Excellent,It was worth it.,,Missing,/,/,It was meeting new people.,Nothing,Nothing,10,,It has supportive people.,I liked everything.
Mihle/18/11/2024,005,Sophumelela High,2024,6-Nov-2024,3,10,4,10,5,10,7,10,4,8,3,9,1,5,9,10,Yes,Class raper,,6,10,3,7,1,10,5,10,7,10,6,10,7,10,4,10,7,10,5,10,6,10,4,9,6,9,7,10,5,10,5,10,4,9,3,10,7,10,5,10,3,8,3,10,5,8,3,9,1,10,2,10,Incorrect,10,Excellent,"It is because after I talked to coach Yamkela, my problems were solved, she supports and advises. She is like a mother to me. She is very supportive and also helps me to face my challenges.",,N/A,/,No,The highlight of the year was public speaking and the session called condition. So public speaking helped me speak in front of people that I don't know.,Few leadership training and my leadership certificate is written 12 months instead of 24 mouths.,"To write 24 months in my leadership certificate, also to have other leadership training next year and camp wth other leaders we can pay the money out. I want experience with leaders' quest.",10,,Because it helped  to know myself and my values and also have leadership skills.,I liked the vibe and I didn't like the music. On thenext graduation you must book another DJ. Also my certificate is written 12 months instead of 24 months.
Mihle/18/11/2024,006,Sophumelela High,2024,6-Nov-2024,2,10,1,9,8,10,5,9,5,10,2,8,7,10,8,10,No,,,9,10,1,7,5,9,7,10,4,10,1,6,7,10,1,10,1,10,3,9,4,10,8,9,1,10,4,10,1,5,3,9,1,6,4,10,10,10,10,10,10,10,3,8,8,10,1,3,4,10,4,9,1,10,Excellent,"Becaue I felt free as I heard someone to talk to and someone I can open up to, be free to talk. Someone who wouldn't look at me and judge me.",,,/,"No, I don't, as long as coach is still my 24/7.","Having graduation, we had fun.",Social project even though we did enjoy after.,Mixing us more with others so we can make friends.,10,,Because I also want to motivate them too.,I liked the decoration and the food we ate especially the beef meat.
Mihle/19/11/2024,007,Sophumelela High,2024,6-Nov-2024,3,8,3,6,2,7,7,8,8,10,7,9,7,9,8,9,No,,,2,8,4,8,5,9,9,10,5,9,1,8,7,9,4,8,9,10,8,9,9,10,10,10,5,8,5,8,5,8,5,9,7,8,8,9,7,9,5,9,5,8,5,9,6,9,4,10,4,7,3,4,3,5,Excellent,Coach Yamkela,,N/A,/,,My biggest highlight of the year was the public speaking.,There were sometimes lack ofcommunication smong the leaders.,I would really love if we could go to a camp that way we can get to know each other in more exciting ways and get sometime off our busy communities.,10,,Leaders' Quest helps young teenagers not omly with the school work but also with the personal problems that they need to get off their chest.,I did not find annything Idid not like it at all. I liked the part where we were receiving our certificates from our coaches and seeing our journey together as teammates.
Mihle/19/11/2024,008,Sophumelela High,2024,6-Nov-2024,5,10,7,9,3,7,4,9,9,10,7,9,7,,6,9,Yes,Cleaning the streets.,Yes I would,4,7,7,9,6,8,5,7,4,6,5,7,9,10,3,7,6,9,7,10,7,10,6,10,5,10,6,10,7,10,7,10,3,9,9,10,8,10,7,10,3,10,4,7,5,8,7,10,4,6,6,8,4,9,Excellent,Coach Yamkela never left me hanging every session with her I pour my heart out and if I have questions she offers solutions.,,N/A,/,N/A,The graduation party wasmy highlight for the year and also the leadership trainings and afterschool sessions.,Nothing.,Nothing,10,,Life Choices after councelling is the best thing that could happen to one and you get to experience a lot of things and have the best time of your life.,"I didn't like that theevent ended quickly and most of my music that I requested wasn't played, other than that, everything was amazing."
Mihle/19/11/2024,009,Sophumelela High,2024,6-Nov-2024,4,8,5,10,4,9,5,10,3,10,4,8,4,6,5,10,Yes,Leader in my church.,,5,9,4,8,7,10,5,9,6,10,2,6,8,10,5,9,6,10,4,9,3,10,4,6,3,5,7,9,2,5,3,7,2,7,5,10,4,8,2,5,2,4,7,9,6,9,7,10,6,7,5,10,5,7,Excellent,Because I was able to seak out with my coach. ,,N/A,/,,That one on one sessions I was able to talk with my coach about serious things no matter deep it was.,I was afraid of going to leadership training because I was afraid of meeting other people.,Whereby they can give us attention,8,,Because Life Choices has changeed my life.,When it starts I did not like it and the desert was not make sure.
Mihle/19/11/2024,010,Sophumelela High,2024,6-Nov-2024,8,Missing,2,10,7,Missing,9,10,10,10,10,10,10,10,10,10,No,,No I would not,4,7,5,10,8,10,10,10,10,10,10,10,10,10,5,8,7,10,5,8,8,9,5,10,4,6,2,10,10,10,7,9,4,7,5,9,7,10,8,9,7,9,4,9,10,10,3,5,2,3,1,1,1,1,Excellent,Shelistens attentively and she gives really great advices about life in generally.,,N/A,/,N/A,"It was the school project that we did. It was really amazing because I developed new skills for example, controlling my temper.",There was no challenge for me.,They could provide me and my teammates with a camp.,10,,It results in massive personal growth.,I loved everything.
Mihle/19/11/2024,011,Sophumelela High,2024,6-Nov-2024,4,10,5,10,3,10,4,10,4,10,5,10,2,10,6,10,Missing,,No I would not,3,10,4,10,5,10,4,10,1,10,1,10,10,10,1,10,1,10,1,10,2,10,4,10,5,10,6,10,7,10,4,10,3,10,2,10,6,10,5,10,3,10,4,10,1,10,1,10,1,10,6,10,4,10,Excellent,It was a free space for me and I have gained so much experience to voice out.,,Missing,/,,Being a good leader and having good organizational skills.,Speaking in front oftoo many in public speaking.,Life Choices has taught me to be a good servant leader.,10,,You get experience of selfmanagement and leadership skills.,Nothing.
Mihle/19/11/2024,012,Sophumelela High,2024,6-Nov-2024,3,8,2,10,5,10,4,9,4,8,6,9,1,4,8,10,No,,No I would not,2,10,5,8,4,7,2,8,5,10,1,8,6,7,1,8,4,10,7,10,8,10,1,1,2,8,3,7,1,8,5,10,2,7,3,7,5,8,6,10,2,10,5,10,6,10,2,10,3,10,4,6,5,7,Excellent,Coach made my life easier and she taught me to deal with things.,,,,No,Leaders' Quest graduation and social project. ,Public speaking,Nothing,10,,"Life Choices, leaders' quest is so powerful, you never feel empty with the programme.",I liked everything.
Mihle/19/11/2024,013,Sophumelela High,2024,6-Nov-2024,10,10,10,10,10,10,10,10,10,10,10,10,10,10,10,10,No,,Yes I would,10,10,10,10,10,10,10,10,10,10,10,10,10,10,10,10,10,10,10,10,10,10,1,10,1,10,1,10,1,10,10,10,10,10,1,10,10,10,10,10,1,10,1,10,10,10,10,10,1,10,1,10,1,10,Excellent,I felt comfortable to talk about my problems to my coach.,Never had one.,Incorrect,,,Motivative,Nothing,Improve their food,Incorrect,,My friends always make fun of Life Choices and yet they don't get the fact that it's very supportive. ,None
Mihle/19/11/2024,014,Sophumelela High,2024,6-Nov-2024,9,10,10,10,5,10,5,10,10,10,5,9,10,10,10,10,,,No I would not,9,10,5,9,10,10,10,10,10,10,10,10,9,10,5,7,3,8,10,10,5,9,3,5,3,7,5,8,10,10,5,9,9,10,7,10,10,10,5,9,9,10,10,10,9,10,7,10,10,10,10,10,3,5,Excellent,"Because it helped me a lot. That day I was so angry, she helped me calm down. ",,N/A,,,Leadership training and graduation.,It was social project.,Nothing,10,,"Life Choices is a program that helped me care about others, having a big heart for others and how to become a good leader for myself and others.",I didn't like desert and starters.
Mihle/19/11/2024,015,Sophumelela High,2024,6-Nov-2024,4,10,5,10,4,10,5,10,8,10,7,10,8,10,9,10,Yes,I am the school president.,No I would not,10,10,8,10,9,10,10,10,10,10,10,10,8,10,7,10,8,10,7,10,9,10,5,10,6,10,9,10,10,10,6,10,7,10,4,10,6,10,10,10,5,10,6,10,10,10,9,10,6,10,5,10,4,10,Excellent,Because she helped me to be able to talk about my emotions and always be brave. She also helped me try to rebuild my relationship with my mom.,,Excellent,She supported me all the wayof my pregnancy. She was the first to know but her blooming heart made me take the right decision.,Start counselling with meditation.,"It was public speaking, where I learnt that truly our background don't define our future. Also family is about blood.",Planning for social project.,Nothing besides the camp. I really think we deserve it. Imagine the tranquility that nature would bring. Maybe a meeting with the MD would do so that our vision can be shared.,10,,I learnt how to control my emotions. Accepting the past. Living by the best version of myself.,I didn't like the desert. I didn't like that each school sat together. I thought by now we would socialize and boost our communication skills.
Mihle/20/11/2024,016,Sophumelela High,2024,6-Nov-2024,5,10,3,10,1,7,5,10,9,10,3,7,4,10,10,10,Yes,Being a class rap.,No I would not,1,7,2,5,5,10,10,10,7,10,2,10,4,10,1,10,3,10,4,9,5,10,4,10,3,10,5,10,2,10,4,10,3,10,2,10,4,10,2,10,6,10,4,10,4,10,4,10,7,10,8,10,8,10,Excellent,"Talking with my coach is like talking to a counsellor or a friend, she gets me and she listens attentively and knows what I want to make me feel better.",,N/A,,I haven't had problems that needed counselling.,Graduation and the leadership trainings because I got to have fun and interact with my peers.,"The afterschool session sometimes, because I had a lot to do at home but I managed to attend them.",Nothing. Life Choices did the best things for me. I will forever be grateful for the experience.,10,,I would recomend it very much because the person would learn a lot about the kind of choices to make in order to be a great person in life.,"I liked almost everything about it, I had fun, I just didn't like the starters and the desert."
Mihle/20/11/2024,017,Sophumelela High,2024,6-Nov-2024,4,10,5,10,10,10,5,8,8,10,Missing,Missing,5,5,3,6,No,,Yes I would,2,5,2,5,5,8,4,6,8,10,Missing,10,5,8,10,10,6,9,10,10,10,10,2,2,4,5,10,10,4,6,4,4,4,4,6,7,8,10,8,8,2,2,2,4,3,5,3,3,5,5,1,3,Missing,Missing,Good,I was communicating very well with my coach.,,N/A,,No,Graduation.,Public speaking.,I don't know.,8,,"I would like my friend to join Lfe Choices because I learned new things, now I know what I wanr in life.","I liked beingg with other leaders, food was nice, I liked everything."
Mihle/20/11/2024,018,Sophumelela High,2024,6-Nov-2024,3,10,5,10,4,10,2,10,3,8,4,8,Missing,8,4,10,Yes,Class rep,Yes I would,4,10,6,8,10,10,5,10,6,10,4,10,7,10,4,7,5,10,7,10,6,8,10,10,5,8,6,8,10,10,5,10,7,10,6,8,7,10,5,8,7,10,4,8,2,6,8,10,4,7,8,10,6,10,Good,It helped me overcome my emotion.,,N/A,,,Graduation. Best day of my life.,Afterschool sessions.,"It improved my mindset, I liked the tteam a lot now and I can solve my problems.",10,,Because Leaders' Quest is a good organization. It builds people to become good.,It was good but I didn't like the starters because it wasn't good.
Mihle/20/11/2024,019,Sophumelela High,2024,6-Nov-2024,8,10,6,10,8,10,8,10,10,10,10,10,6,10,10,10,Yes,Class rep,No I would not,10,10,5,10,10,10,9,10,10,10,10,10,8,10,5,10,10,10,6,10,10,10,5,10,10,10,5,10,10,10,5,10,10,10,10,10,10,10,7,10,10,10,10,10,8,10,5,10,5,10,10,10,10,10,Excellent,Understands me and my co-operates with me.,Nashma,Good,"Very supportie, can dress properly.","Try and understand teenagers more, motivates but also be in his/her shous.",Leadership trainings made me feel open and more connected to other people than staying at home.,"Waking up, going to school and still sit at school in the afternoon.",Going up to the camp and exploring more of outside life.,10,,"Supportive, accomodating, very fun and welcoming. You start to understand yourself more.",The starters and desert wasn't very likely for me.
Nabeelah / 19/11,020,Fezeka High,2024,7-Nov-2024,5,7,3,6,4,7,5,6,8,9,7,8,3,4,9,10,Yes,Class Rap ,No I would not,5,7,4,6,5,8,8,9,5,8,4,7,5,6,2,4,5,6,4,5,5,6,4,5,5,6,5,8,3,4,5,6,4,6,5,7,4,5,8,9,5,9,4,9,6,9,2,10,4,10,5,9,4,8,Excellent,I was able to experience my emotions nothing i had ever done before and it left me relieved ,/,N/A,/,/,Having to be taught the best study tips and applications ,I was unable to attend some leadership sessions ,All was well ,8,,Because it is the best session with the best support ,N/A
Nabeelah / 19/11,021,Fezeka High,2024,7-Nov-2024,5,10,3,10,4,10,5,10,6,10,10,10,5,10,10,10,Yes,Volunteer to clean streets/ cul ,Yes I would,2,10,5,10,6,8,7,10,6,9,7,9,7,10,8,9,7,10,7,10,8,9,7,10,8,9,6,10,7,10,8,10,7,9,6,10,7,10,5,10,5,10,2,7,6,10,7,9,8,9,6,10,2,10,Excellent,I really changed changed alot and i have developed my self and i had found my self confident with myself ,Not a plicable ,Missing,/,/,My high light is that i have inproved my way of thinking of myself and my confidence is busted ,Nothing at all ,Everything is perfect with life choices ,10,,To introduce mem to the medical that keep me alive all the time ,I love the food and the way we were treated
Nabeelah / 19/11,022,Fezeka High,2024,7-Nov-2024,6,10,6,10,6,10,6,10,6,10,6,10,6,10,6,10,Yes,Role of serving my community ,No I would not,1,10,6,10,7,10,6,10,6,10,1,5,2,7,1,5,3,10,5,10,10,10,10,10,4,10,8,10,Incorrect,10,2,10,6,10,2,10,6,10,1,10,2,10,2,10,2,10,5,10,6,10,6,10,6,10,Excellent,We have learnt leadership skills and also problem solving skills,co ,N/A,/,/,Graduation was my highlight of the year ,Working in groups,Nothing life choices as great ,10,, It has changed my life forever ,"I liked everything , decor it was very nice "
Nabeelah / 19/11,023,Fezeka High,2024,7-Nov-2024,5,7,6,9,5,9,6,9,7,10,9,10,5,8,7,10,No,,No I would not,3,6,6,9,5,10,6,9,7,10,3,9,6,9,3,4,5,9,5,9,6,9,6,8,5,5,6,10,5,9,5,9,6,8,6,9,5,8,9,10,5,7,5,9,6,8,10,10,7,9,5,8,5,7,Excellent,This is cause i had felt better after i had my one-on-one session. I grow a sense of enought maturity ,/,N/A,/,N/A,I learnt a lot about myself . I grow a sense of maturity. I made new friends. ,Having to go to life choices with all my academic stress. lol. However i felt better in the premes of life choices thereafter,Nothing . Everything is perfect ,10,,Life choices has taught me a lot about life. I now understand and i am evolving,Great 
Nabeelah/20/11,024,Fezeka High,2024,7-Nov-2024,6,8,5,7,7,9,9,10,5,7,3,6,2,5,10,10,No,,Yes I would,2,5,8,10,7,9,4,6,4,7,2,6,8,9,2,2,3,8,6,8,8,10,2,8,3,7,7,9,6,9,5,8,6,10,2,6,2,7,7,10,10,10,10,6,1,8,2,8,1,1,1,4,1,1,Good,The session wasn't intense as i was not dealing with a major problem in my life ,/,Missing,/,I don't have any the counselling support is okay ,Public speaking event ,I had to balance between leaders quest and other programmes ,None ,9,,It may help na friend discover themselves and their leadership skills ,I didnt go there
Nabeelah/20/11,025,Fezeka High,2024,7-Nov-2024,7,8,10,10,1,1,10,10,1,1,9,10,5,7,10,10,No,,Yes I would,8,10,10,10,8,7,5,7,2,5,8,9,10,10,5,5,10,10,10,10,10,10,10,10,10,10,8,10,10,10,10,10,2,8,10,10,9,10,10,10,10,10,3,6,7,9,10,10,6,7,3,5,3,6,Good,It helped me to become aware of what i want to do in my life and get to see how i am progressing oh my life ,/,N/A,/,N/A,Not to be afraid and abuse my dreams so i can be successful ,Nothing ,N/A ,10,,"Because in L.C you learn things    that you didnt know about yourself , self acknowledge , to be brave and stand in lot of people and ",N/A 
Nabeelah/20/11,026,Fezeka High,2024,7-Nov-2024,1,8,5,9,2,3,9,10,Incorrect,5,6,7,9,9,10,10,Yes,Class Rap ,Yes I would,5,8,4,9,3,5,10,10,6,9,8,8,10,10,2,2,4,8,6,9,10,10,6,7,5,8,10,10,9,9,10,10,10,10,6,7,10,10,10,10,7,10,10,10,9,9,10,10,7,8,5,9,4,8,Excellent,It helped me realise a lot of things ,Sinesipho ,Excellent,She was understanding and very helpful.,No , The social project and coach Matika's sessions. ,Nothings ,N/A ,10,,Leader's quest provides us with efficent resources for school,/
Nabeelah/20/11,027,Fezeka High,2024,7-Nov-2024,5,10,7,9,2,10,5,10,Incorrect,10,Incorrect,5,2,6,10,10,Yes,Being there for them ,No I would not,5,10,Incorrect,10,2,5,Incorrect,10,5,10,Incorrect,10,10,10,Incorrect,5,10,10,10,10,10,10,Incorrect,2,Incorrect,Incorrect,5,10,Incorrect,5,Incorrect,2,Incorrect,5,Incorrect,Incorrect,5,5,Incorrect,5,Incorrect,10,10,10,10,10,Incorrect,10,Incorrect,5,10,10,Incorrect,2,Good,It helped me to overcome my emotions it helped me to control my emotions somewhere someone ,Sinesipho ,Good,I was able to share how i feel about somethings that is hurting me.,Counsellor's must be advisable to us. ,Graduation was the highlight for me ,Its to talk about my feelings in front of everyone ,Do outings with them. Go to camps. ,10,,It is helpful and acknowledgeble ,I liked the vibe but not the space 
Nabeelah/20/11,028,Fezeka High,2024,7-Nov-2024,5,9,4,8,Incorrect,Incorrect,4,10,5,9,5,8,6,8,6,10,No,,No I would not,5,8,4,7,6,9,Incorrect,9,5,8,5,9,6,10,5,8,4,9,6,8,5,9,3,7,3,8,4,8,5,8,4,8,4,9,3,8,4,9,5,10,10,10,7,7,7,7,6,8,4,10,6,10,6,10,Good,The one-on-one sessions have helped me be able to express my emotions and also advice me on what to do. ,Coach Aphelele ,Excellent,Because he adviced me and also helped me to express my feelings ,No ,It was good i learnt a lot ,Having to speak in public and being bin groups with people who i dont know well ,Nothing,10,,Life choices is good for one's growth. , I liked the food and also the music
Nabeelah/20/11,029,Fezeka High,2024,7-Nov-2024,6,9,7,10,9,10,9,10,10,10,10,10,7,10,8,9,No,,Yes I would,8,9,10,10,10,10,10,10,9,10,8,9,10,10,7,8,9,9,10,10,10,10,10,10,10,10,10,10,8,9,10,10,7,8,8,9,8,9,10,10,10,10,8,9,10,10,10,10,10,10,10,10,10,10,Good,Because coach really adviced me a lot. ,/,Good,It was very good ,N/A ,Life choices was the programme i need in my life ,Enough time to up go saturday sessions ,N/A ,6,,Because it is very good ,"Nothing i disliked, all was wel"
Nabeelah/20/11,030,Fezeka High,2024,7-Nov-2024,5,10,2,5,5,10,5,10,1,5,5,10,1,6,10,10,No,N/A,No I would not,5,10,10,10,10,10,10,10,2,5,1,10,5,10,1,10,5,10,2,6,7,8,10,10,10,10,10,10,2,10,2,7,1,9,10,10,5,9,1,10,1,10,2,5,5,10,10,10,2,6,1,5,5,10,Excellent,Because it has thought me how to read in certain situations. ,/,N/A,Because i never had one ,N/A ,/,N/A,N/A ,10,,So that friend may be confident like me. ,I really enjoyed i liked how our programme was and also our DJ did his job very well 
Nabeelah/20/11,031,Fezeka High,2024,7-Nov-2024,2,9,3,8,4,8,3,9,2,7,3,6,2,5,3,8,Yes,I helped kids with homework ,Yes I would,2,6,3,7,2,6,5,8,3,9,2,8,4,9,3,6,4,9,3,6,2,7,2,5,3,8,4,7,3,6,9,8,2,7,3,1,3,10,3,7,2,8,2,6,3,7,4,8,2,9,3,6,2,7,Good,I was able to express my feelings and talk. about hoe i feel,/,Missing,/,N/A,"I learnt a lot of things ,how to be confident and how to study when am starting with the exams. ",To speak infront of the people that was my biggest fear but now i am able to face my fears,Nothing ,9,,It helped me a lot now i can do the things i was not able to do . It improved my personality ,Oh i don't even have waords. The graduation was the best experience ever we enjoyed a lot 
Nabeelah/20/11,032,Fezeka High,2024,7-Nov-2024,3,5,4,5,2,5,3,6,3,9,1,4,1,3,3,9,Yes, I am helping children in my community ,Yes I would,4,8,3,9,5,10,10,10,1,5,5,5,4,8,2,6,5,9,4,10,4,9,1,5,2,6,4,6,10,10,6,9,10,10,4,8,10,10,4,6,3,7,4,9,2,4,1,5,2,8,1,5,2,6,Excellent,"Cause i felt better, after the one-on-one sessions",Coach Aphelele ,Excellent,Cause he understand me and he is always their ,NO ,The positive teaching that leader's quest teaching me. and made me feel at home ,going to leader quest mmeting so many people ,Nothing ,10,,Cause leaders quest is really good and could help my friend alot cause it teaches us positive things ,I liked everything 
Nabeelah/20/11,033,Fezeka High,2024,7-Nov-2024,2,7,1,8,3,6,2,8,3,7,1,4,3,6,6,9,No,,,2,9,3,8,4,7,5,8,3,7,1,8,2,6,2,7,3,8,2,8,3,9,4,7,3,8,3,7,3,8,6,8,3,8,2,7,5,8,4,8,2,8,4,8,2,7,2,9,2,6,2,6,2,5,Good,The one on one   session was confidential,/,Missing,/,/,"It was educational and great, i had a great time and had fun",Doing public speaking and socializing with new people ,Nothing ,8,,It is so educational and the coaches are supportive and not judgemental. ,/
Nabeelah/20/11,034,Fezeka High,2024,7-Nov-2024,4,8,2,8,4,9,4,10,3,9,5,9,3,7,6,10,Yes,As a leader as a school christian organisation ,No I would not,6,10,4,7,6,10,5,9,4,8,4,9,5,8,5,10,6,9,5,9,3,10,8,10,7,9,8,9,9,10,4,7,5,8,6,9,9,10,4,6,5,10,6,10,7,10,5,10,6,10,4,10,4,9,Excellent,It is because i expressed all my emotions felt ,/,Missing,/,/,"Learned new experiences , had a lot to see, experiences and learnt such a very exciting year we had. ",Nothing much really rather than making more connections with the other school.,Nothings everything about life choices is phenominal ,9,,It is such a lot of experiences that everyone needs,"I liked the decor, encutanment , food and everything. "
Nabeelah/20/11,035,Fezeka High,2024,7-Nov-2024,3,7,8,9,3,5,3,3,2,4,4,4,10,10,5,8,Yes,Responsible for food and security.,No I would not,3,6,3,4,6,8,10,10,8,9,3,4,9,10,3,3,3,6,7,9,7,9,10,10,3,5,9,10,7,9,3,6,8,9,5,10,9,10,10,10,5,10,7,9,8,10,7,9,10,10,1,5,3,4,Good,"It;s because i was not completely honest about emotions and opened up, but it was good.",Coach Aphelele ,Good,I was able to relax,NO!,It was attending the end of year graduation and seeing all the girls dresses up looking beautiful. ,"Having to speak infront of people, like at the photo exhibition , and public speaking ",Nothing ,10,,"It has given me support in all aspects or my life , emotionally and academically",I liked the decour and the vibes or people. I didin't like the meat they gave us it was very tough.
Nabeelah/20/11,036,Fezeka High,2024,7-Nov-2024,2,6,3,8,3,5,5,9,2,4,3,4,2,2,6,8,No,,,2,7,3,9,5,9,5,10,1,6,1,4,4,5,1,3,5,9,4,10,5,10,7,7,5,6,6,8,5,9,4,4,4,9,5,7,5,6,6,6,4,5,4,8,4,5,3,5,5,9,3,10,2,10,Excellent,He show me things to try in order to try new ways of dealing with some home situation staff.,/,Missing,/,N/A,The 2024 life choices graduation,Nothing challenging for me.,nothing much.,10,,It teaches us how to become leaders,           
Nabeelah/20/11,037,New Eisleben High,2024,6-Nov-2024,7,9,9,9,8,9,5,8,9,10,8,9,5,6,10,10,No,,,8,9,10,10,5,5,10,10,9,9,7,9,9,9,9,9,9,9,10,10,8,7,5,8,9,7,9,9,8,8,9,9,9,10,7,8,7,7,8,9,10,10,5,9,7,7,10,10,7,8,10,10,9,9,Excellent,We talked about literally everything and i was very comfortable,/,N/A,/,/,Graduating!! and also being with my people again,Nothings besides finding an outfit!,Nothings i had the best year ever,10,,It's very helpful and it could help be a better person.,I liked everything about the graduation!
Nabeelah/20/11,038,New Eisleben High,2024,6-Nov-2024,4,7,3,6,5,9,4,9,5,10,5,10,3,4,5,10,No,,,2,6,4,8,2,6,1,4,3,6,4,8,3,9,3,5,4,7,8,10,4,10,4,8,3,9,5,10,8,10,4,8,4,7,4,9,5,9,4,8,3,10,3,5,4,6,4,7,3,4,3,6,2,4,Excellent,It is because i get a chance to express my feelings and my plans about future. ,N/A,N/A,/,By providing more activities to do when you not feeling good.,"It was the study guide that we got from life choices , and how we must manage our time. ","It was the public speaking , and i also struggled with managing my time. ","Life choices is dfoing everythings for us, so there's nothing more.",10,," We got to learn new things about ourself, and learnt to speak in front of people , so that are some of the things i would like others to get. ",I liked eveything about the graduation thank you so much life choices.
Nabeelah/20/11,039,New Eisleben High,2024,6-Nov-2024,2,9,1,10,5,9,6,9,6,9,2,8,1,7,10,10,Yes,"School leadership member, looking after others",No I would not,1,8,5,6,6,9,10,10,5,9,5,5,5,8,1,5,2,9,5,10,10,10,1,5,2,5,5,8,2,9,4,8,6,10,2,5,4,10,2,5,3,9,3,9,5,10,6,10,1,10,4,8,1,10,Excellent,My coach was always the best and always adviced for my stituations,Sinesipho Veli,Excellent,She managed to help me during my difficult time. She was my support system and she always made me feel happy and comforted me ,N/A,My graduation and speech contest ,N/A,N/A ,10,,Life choices is a program that self with self-improvement and abilities,I loved everything about my graduation but i wish we had spent more time there and also had fun.
Nabeelah/20/11,040,New Eisleben High,2024,6-Nov-2024,9,10,4,9,1,7,8,10,1,9,10,10,1,5,4,10,No,,Yes I would,1,7,1,9,10,10,10,10,4,8,1,9,9,10,1,10,10,10,1,8,10,10,9,9,10,10,5,10,4,9,8,10,10,10,4,9,1,10,2,9,10,10,8,10,10,8,10,9,9,9,1,4,1,9,Excellent,My coach always relates and finds ways to console and advice us.,Sinesipho Veli,Excellent,She was listening to me which was somethings i had never experienced,Water should be provided,Public speaking ,Being able to interact with other schools,They are already doing great ,10,,It is a helpful programme and it also grooms us to become better versions of ourselves.,"The graduations was fun and relaxing , it was good seeing learners from other schools. "
Nabeelah/20/11,041,New Eisleben High,2024,6-Nov-2024,9,10,7,10,5,10,10,10,10,10,9,10,5,9,10,10,Yes,Working with RCL n,No I would not,10,10,10,10,5,10,10,10,10,10,10,10,5,10,5,10,3,10,9,10,10,10,1,10,1,10,5,10,10,10,6,10,3,10,5,10,5,10,8,10,10,10,8,10,5,10,10,10,10,10,10,10,10,10,Excellent,It's because i was able to get life advise and how to solve my problems,Sinesipho Veli,Excellent,She became a sister to me teaching me how to deal with my problems,No,Graduation,Nothing,Bringing more afternnoon session,10,,It is because it changed my life from being a lone wolf/ spending my time alone to spend it with people ,The graduation was splended because i gained my strength and made more friend
Nabeelah/20/11,042,New Eisleben High,2024,6-Nov-2024,8,6,7,3,7,4,8,6,9,8,7,5,2,2,10,10,Yes,Leader,Missing,9,6,8,7,8,5,8,6,8,6,9,9,7,6,10,6,10,7,10,6,10,6,8,6,7,5,7,7,8,6,8,6,8,5,8,5,8,5,8,4,8,4,9,5,9,4,7,5,8,4,8,5,10,7,Excellent,I was able to get advice.,Sinesipho Veli ,Excellent,She was very supportive.,More counselling sessions.,Graduation,Social project ,Have more leadership programmes and be able to stand up for us infront of our teaches,10,,You get educated about things you might have taken lightly,Everything was early but it ended too early
Nabeelah/20/11,043,New Eisleben High,2024,6-Nov-2024,Incorrect,10,3,7,6,6,2,10,5,10,7,10,4,10,10,10,Yes,Public spculor/ leadership,Missing,5,10,5,10,1,10,Incorrect,9,5,10,9,10,4,7,4,10,5,9,6,8,10,10,Incorrect,10,Incorrect,6,5,9,8,10,6,8,9,9,2,9,8,9,10,10,2,7,6,9,10,10,6,9,4,7,Incorrect,7,Incorrect,8,Excellent,"It is because , with those sessions i was able to be in my vulnerable starts.",N/A,N/A,/,"By offering a tissue, cause some of us cry",Graduation,That there were some bichering within the group ,Quite nothings actually ,10,,It helps a person become better than them,I will miss life choicesand that was the best graduation i ever had.
Nabeelah/20/11,044,New Eisleben High,2024,6-Nov-2024,7,10,5,10,3,9,4,10,10,10,6,10,2,7,10,10,Yes,School leader,No I would not,10,10,3,9,6,9,3,10,9,10,1,9,6,10,3,10,6,10,1,9,5,10,1,10,1,10,1,10,1,10,3,9,3,10,1,10,4,10,5,10,2,10,1,9,4,10,6,10,8,10,10,10,2,10,Excellent,Because i got a chance to see things differently and be aware,N/A,Missing,/,/,That we learnt new things and had more leading skills.,Haviing afternoon sessions even when i'm tired or not in the mood.,Nothing life choices has done eveything perfect.,10,,Because it helped me and i believe it can help everyone ,I liked almost everything i was happy and enjoyed.
Nabeelah/20/11,045,New Eisleben High,2024,6-Nov-2024,1,10,2,9,3,10,1,10,1,8,1,10,2,10,5,10,Yes,Debate captain/ school leader,Missing,2,10,1,9,1,10,2,10,3,10,4,10,1,9,1,7,2,10,3,10,2,10,1,8,2,10,4,10,5,10,2,10,4,10,2,9,3,9,5,10,4,10,1,10,2,10,3,10,1,10,2,10,3,10,Excellent,"I get a chance to reflect anf talk about my emotions , getting guidance about life. Getting motivation",N/A,N/A,I never had a sessions ,"N/A, never attended the counselling support ",The graduation and the leadership training ,/,"By being on time, and accepting more participants because the leader's quest programme would help more learners.",10,,"It is helpful, it sets inspiration and motivation and improves you for the best","I liked it, it was perfect and exciting , i  wish it would happen again. "
Nabeelah/20/11,046,New Eisleben High,2024,6-Nov-2024,10,10,8,9,6,9,10,10,9,10,5,9,2,5,8,10,No,To be a leader,Yes I would,8,10,10,10,10,10,10,10,5,10,6,10,2,9,9,10,5,9,2,6,10,10,10,10,5,6,9,10,10,10,2,10,3,5,1,2,1,5,9,10,2,5,2,5,5,9,3,5,2,3,5,9,1,2,Excellent,Because she can understand any problem that am in. She is good in solving anyone problem in a good way,Sinesipho Veli,Excellent,Because she always listening to you and come with a solution and help you in you lowest,No everything is good.,Improving myself and being a good role model in my peers and community ,Public speech and standing infront of many like many people infront of people.,Taking us all to a camp and going out as school leaders,10,,It is because they know how to control and help you to be yourself,What i like was that everyone was enjoying her/himself. What i didn't like is that some leaders couldnt control themself infront of everyone.
Nabeelah/20/11,047,New Eisleben High,2024,6-Nov-2024,Missing,Missing,8,10,5,7,7,9,5,7,10,10,8,10,10,10,Yes,Good person,No I would not,5,10,4,8,10,10,5,9,8,10,1,3,3,5,1,7,10,10,2,5,10,10,1,10,1,7,1,9,10,10,3,5,Missing,Missing,5,7,10,7,10,10,7,10,5,10,10,10,1,1,10,10,10,10,1,8,Good,"She motivated me, she spoke to me as an adult person",Sinesipho Veli,Good,Everything was good i spoke to he then after that i was okay.,No,"To focus on yourself , respect others, time management is important .",This year challenges it was respect listen other views.,Nothing ,10,,I enjoy every moment in leaders quest ,"My final gradduation was extremely good i enjoyed every moment, food was good the decor."
Nabeelah/20/11,048,New Eisleben High,2024,6-Nov-2024,1,10,1,9,2,9,4,10,6,10,4,10,4,10,6,10,No,,No I would not,3,9,1,8,2,5,4,10,2,9,1,10,8,10,1,8,5,10,6,10,4,10,9,10,2,10,1,9,2,10,5,10,4,9,4,9,3,10,3,10,2,10,2,9,5,10,4,10,1,10,3,10,1,9,Excellent,You can tell her your problems and struggles and she always gives you solutions and helps,N/A,Missing,/,/,"The highlight was the graduation for us grade 11, i had a great time.",What was challenging was finding a place to do all our social project.,They would have organised a camp for us grade 11 learners to learn more about life styles of leaders ,10,,It helps you to be aware of nyourself and give strategies to cope with life ,"I liked almost everything , what i not like is that none of my songs from my playlist."
Nabeelah/21/24,049,New Eisleben High,2024,6-Nov-2024,3,9,4,10,2,8,5,10,5,10,6,10,4,8,10,10,Yes,Leadership,No I would not,1,5,4,9,5,10,6,10,3,8,2,7,7,10,4,8,3,9,5,10,10,10,2,9,1,9,1,10,4,10,3,4,2,5,4,9,7,10,5,10,4,8,2,9,1,8,4,7,6,10,5,7,4,10,Excellent,Coach is friendly and open. You can speak with her about your personal things.,/,N/A,/,/,I learnt time management ,The is no listening ,Teach me to have self-respect and self love.,10,,Leader's Quest teaches some thing new.,I liked everything about the graduation. 
Nabeelah/21/24,050,New Eisleben High,2024,6-Nov-2024,Incorrect,10,4,10,6,10,1,10,5,10,2,10,2,10,1,10,Yes,Leadership member ,Yes I would,7,10,2,10,6,10,3,10,3,10,1,10,1,10,1,10,1,10,1,10,1,10,1,10,1,10,1,10,1,10,1,10,1,10,3,10,2,10,4,10,8,10,2,10,3,10,1,10,1,10,1,9,3,10,Excellent,Good listener,/,Missing,/,/,Graduation ,"The afterschool session sometimes, because I had a lot to do at home but I managed to attend them.",Have support academically ,10,,It grows you ,I was very good i likedit very much
Nabeelah/21/24,051,New Eisleben High,2024,6-Nov-2024,4,9,3,8,5,9,6,10,5,8,3,7,4,9,5,10,Yes,Leadership team,No I would not,3,6,2,7,4,8,6,9,5,7,1,5,5,9,1,4,5,8,7,10,8,10,4,6,3,5,4,7,4,6,4,7,2,4,4,7,5,9,5,7,4,5,4,8,5,10,3,7,4,8,5,9,3,4,Good,I was able to express myself without being judged by that person.,Yamkela Nkinqa ,Good,I was able to have someone to talk to. ,No. ,Conditioning with coach matika. ,Doing the social project. ,Nothing ,10,,It changes how you view things  and learn more on how to knowing more about yourself and controlling. ,It was great . Liked everything about it.
Nabeelah/21/24,052,New Eisleben High,2024,6-Nov-2024,4,7,3,9,1,8,6,10,7,10,1,8,5,10,8,10,No,,,2,4,5,7,10,10,10,10,8,10,5,8,9,10,8,10,1,9,4,9,4,5,1,7,2,6,7,10,2,8,1,7,10,10,8,10,10,10,8,9,10,10,5,10,10,10,8,9,1,5,5,5,1,1,Excellent,/,Yamkela,Excellent,"She is an easy person to talk to ,and she treats me in a very good way. ",NO,"My highlight of the year, is meeting alot of good people and making new friends at life choices.",It was balancing my social things with school work.,It is great,10,,It is a very good programme and it could help a lot of people if only people could give the programme a chance ,I liked everything about the graduation. 
Nabeelah/21/24,053,New Eisleben High,2024,6-Nov-2024,5,8,6,10,9,10,10,10,7,9,6,8,4,7,6,10,No,,,10,10,10,10,8,10,9,10,7,10,3,9,8,10,1,5,8,10,7,10,10,10,10,10,9,10,7,10,5,10,6,9,10,10,5,8,10,10,7,10,10,10,5,10,3,10,9,10,4,10,7,10,3,9,Excellent,She is a good person. She is calm and collected  I love how she asks questions.,None,Missing,/,None.,"I love it when we get together , with our coach and laugh, also talk about positive things.",Everything was perfect.,Nothing. Life choices is the best.,10,,Life Choices gives you qualities of being a leader and how to carry yourself around people. It also brings the real person you hide everyday. ,"I loved everthing from the decor to the music and also the food, it was fantastic and i was very much enjoying myself."
Mihle/15/11/2024,054,Modderdam High,2024,7-Nov-2024,2,9,3,9,4,9,5,10,10,10,6,9,3,5,5,9,No,,No I would not,4,10,5,5,2,7,10,10,10,10,7,10,8,9,10,10,9,10,3,7,10,10,7,5,Missing,9,10,10,5,7,Incorrect,7,7,7,2,5,10,10,10,10,10,10,3,10,4,9,6,8,8,8,5,8,8,10,Excellent,Coach made me feel comfortable and found a way to makeme laugh.,,Below Average,I didn't really have one-on-one with her.,,Graduation with the people I started with.,Talking to everyone that wasn't my friend.,I loved everything.,10,,I think most people with struggles will find this.,I looked very pretty. My feet were sore. Coach looked very beautiful.
Tamia/21/11/2024,055,Modderdam High,2024,7-Nov-2024,5,8,7,9,8,9,4,9,7,10,7,8,4,6,5,10,No,,No I would not,7,9,8,10,9,10,10,10,9,10,5,7,6,8,5,9,5,10,9,10,5,10,3,9,6,8,10,10,7,9,6,7,7,8,4,6,8,10,7,10,4,9,5,10,9,10,3,10,6,10,5,10,6,10,Good,Helped me open up  more and talk about things that made me uncomfortablenut now I'm openly.,N/A,Missing,/,None,Stepping out of my comfort zoneand interacting with others are rebuilding friendships.,Public Speaking,They did everything good.,10,,It can help them more and build character.,"I loved the event, the music was good."
Tamia/21/11/2024,056,Modderdam High,2024,7-Nov-2024,3,7,2,9,5,8,3,9,6,8,5,9,Incorrect,Incorrect,3,7,Yes,/,Yes I would,4,9,3,10,6,8,7,9,5,10,Incorrect,8,6,7,2,9,1,10,2,9,5,9,2,9,1,8,3,6,6,8,4,8,5,7,3,6,6,8,3,6,6,8,2,10,6,10,6,10,7,10,5,7,3,6,Excellent,"It was excellent because I get an impact on other things, and learn more about myself/self-awarness.",None,Missing,/,None,Getting to know more about myself and social interactions with people. Getting out of my comfort zone.,Learning how to be open with myself.,Nothing it was good overall.,9,,It's a very helpful experience and I would like other people to experience the same.,It was good just song choice.
Tamia/21/11/2024,057,Modderdam High,2024,7-Nov-2024,4,8,2,9,3,10,5,9,5,9,5,6,5,7,4,10,No,/,No I would not,3,10,3,9,5,10,5,10,6,10,1,7,9,10,1,6,1,6,5,9,9,10,7,9,10,10,7,9,8,10,5,9,9,10,5,9,10,10,10,10,3,5,5,7,5,5,5,9,5,9,5,9,5,9,Good,Because it gave me time to reflect.,Najma,Good,She understood me,"It was good, perfect timing.",It was exciting,Adopting being a leader.,"Nothing, everything the coaches did was perfect.",9,,Because it helped me build my image and character,"It was perfect I loved everything, I like th opening act and the magic show the most. Compliments to the chefs."
Tamia/21/11/2024,058,Modderdam High,2024,7-Nov-2024,6,10,7,10,8,10,10,10,5,10,4,9,1,8,4,10,Yes,/,Yes I would,1,8,4,8,8,10,10,10,6,8,3,7,7,10,Incorrect,10,6,10,6,8,8,10,4,8,6,10,Incorrect,8,Incorrect,8,6,8,4,8,4,7,Incorrect,8,4,8,4,10,3,8,3,3,3,9,2,8,4,8,3,8,Excellent,It was actually helpful she made me look at life positively.,Coach Zee,Average,She was average you know nothing special,None it was fine,The Public Speaking,The Public Speaking,Nothing,10,,Cause it was helpful.,I liked it.
Tamia/21/11/2024,059,Modderdam High,2024,7-Nov-2024,5,9,3,9,6,8,7,7,9,10,3,5,3,7,5,6,No,/,No I would not,5,10,3,7,7,9,10,10,7,8,9,10,4,8,3,6,1,3,1,1,1,1,1,2,1,1,1,1,1,2,3,4,3,5,2,3,3,6,Missing,Missing,Missing,Missing,1,3,1,2,1,5,1,3,1,4,1,1,Excellent,"Out of all the people I had a conversation with, Coach Zee, made me feel comfortable and actually she has made m comfortable and happy.",Coach Zee,Excellent,She is very understanding and gave me good advice.,None,When we did the social project and the Graduation.,Feeling a sense of trust was hard.,"Be yourself, your energy and presence is enough,",10,,It has helped me so much and knew it will help others even more.,It was good.
Tamia/21/11/2024,060,Modderdam High,2024,7-Nov-2024,1,8,3,9,5,10,1,10,6,8,1,5,1,1,Incorrect,7,No,/,No I would not,1,8,7,9,3,9,8,10,8,10,Incorrect,6,2,7,2,7,1,6,1,5,1,10,2,9,Incorrect,6,Incorrect,7,8,8,5,7,6,8,1,5,3,10,7,9,8,8,1,5,10,10,4,6,Incorrect,10,Incorrect,8,Incorrect,7,Excellent,My coach was always open minded.,Thaakirah,Excellent,She gave me good advice and taught me how to deal with my emotions.,/,The outings.,Speaking to knew people.,/,10,,Because it can help them grow.,It was nice just very loud.
Tamia/21/11/2024,061,Modderdam High,2024,7-Nov-2024,5,9,6,8,5,8,7,9,9,10,7,9,3,7,7,10,No,/,Missing,4,7,7,8,8,9,8,9,3,6,Incorrect,1,8,9,2,5,1,5,3,6,3,7,7,9,4,7,3,5,1,5,7,9,4,6,5,7,2,7,6,8,1,9,6,8,4,9,3,9,1,8,1,7,1,6,Excellent,My coach was very understanding and for the first time in a long timeit actually feltlike someone was there for me and willing to listen.,Can't Remember,Average,Only had one which felt rushed.,/,"Gtting to meet new people, the opportunities and getting to understand my peers better","The public speaking, opening up and haing to be vulnerable.",I'm not sure (It's a me issue),10,,The program is extremely helpful and offers many new opportunities.,It was very fun but very loud tho...
Tamia/21/11/2024,062,Modderdam High,2024,7-Nov-2024,1,8,5,7,8,8,7,9,8,8,5,6,3,5,5,8,No,/,Missing,4,7,3,5,5,7,8,8,8,8,8,8,8,9,4,7,5,6,8,8,8,8,3,5,3,7,2,5,8,8,5,7,6,7,3,7,8,8,7,8,5,8,6,8,5,7,8,8,3,5,3,5,3,6,Good,It was nice to open up about personal things knowing she won't judge me.,Najma,Good,She was very supportive and listened to everythingwith understanding.,/,Graduation,Nothing,They did their best.,8,,It helps when you need soething emotional and mental.,"I loved it, it was very wonderful and fun and I appreciate everythingthat was said and done."
Tamia/21/11/2024,063,Modderdam High,2024,7-Nov-2024,2,8,1,9,10,10,3,7,6,8,7,9,2,8,4,7,No,/,No I would not,Incorrect,7,3,8,4,7,8,10,6,8,Incorrect,10,7,8,Incorrect,5,3,9,7,10,8,10,5,8,Incorrect,4,5,7,6,10,5,9,8,10,2,8,10,10,10,10,10,10,10,10,9,10,8,10,7,10,6,10,5,10,Excellent,She gives good advice.,Thaakirah,Good,/,/,Learning more about myself.,Speaking with people,Nothing,9,,They will get the support they need,"My feet were sore, bad blisters."
Tamia/21/11/2024,064,Modderdam High,2024,7-Nov-2024,5,9,7,10,7,10,4,8,5,9,5,9,5,9,3,9,Yes,Student Leader,No I would not,9,10,8,9,7,8,10,10,5,9,3,9,7,10,Incorrect,5,9,9,9,10,9,9,9,10,9,10,9,10,9,10,7,10,8,10,9,10,9,10,9,10,5,10,3,7,5,8,7,9,6,8,8,9,2,8,Excellent,Because you speak about yourself and things you doing and struggling,Coach Zee,Good,/,/,Public Speaking and the congratulation party.,Time Mangament,Mix schools on days at the courter.,10,,To help people who need it.,I didn't like that the time was little and couldn't really mix with others.
Tamia/21/11/2024,065,Modderdam High,2024,7-Nov-2024,5,10,4,8,4,8,3,10,6,10,4,5,4,6,4,7,Yes,Sunday School Teacher,No I would not,1,6,2,8,2,8,5,10,3,10,2,8,6,9,1,6,1,8,1,7,1,9,1,6,1,5,2,5,1,5,1,6,1,6,1,6,1,6,1,6,1,6,1,8,5,8,5,8,5,8,5,8,10,10,Excellent,She was very understanding and what there to listen.,Thaakirah,Good,She was good to talk to in that moment.,/,When we got to do the speeches about our journey of hope.,Preparing for our speeches.,Absolutely Nothing.,10,,It has helped me a lot and has taught me about commitment and 100% responsibility.,I liked how all of us were friendly with eachother from different schools. I loved the food and the thank you speech my coach gave.
Tamia/21/11/2024,066,Modderdam High,2024,7-Nov-2024,1,10,2,9,9,10,7,10,10,10,8,9,3,8,10,10,Yes,Assisting with old age home,Yes I would,Incorrect,8,8,9,5,9,10,10,10,10,2,8,10,10,1,8,7,9,10,10,10,10,10,10,2,8,9,9,7,9,8,9,7,8,3,9,9,9,8,9,9,10,10,10,10,10,2,2,10,10,10,10,10,10,Excellent,Peaceful and assits with speaking on emotions and having different aspects.,Najma,Good,/,/,Leaders' Quest Hike.,Interacting and public speaking.,/,10,,Helps with personal Life Choices and more.,"The graduation was splendid, many more to say."
Tamia/21/11/2024,067,Modderdam High,2024,7-Nov-2024,1,7,3,5,5,8,9,10,4,10,6,8,3,5,4,10,Missing,/,Missing,3,7,7,9,8,9,10,10,8,9,3,6,10,10,1,6,3,6,5,7,5,10,3,7,7,7,6,8,3,6,7,8,4,6,5,7,7,7,7,8,3,8,2,7,7,9,2,6,5,8,4,4,4,6,Missing,/,/,Missing,/,/,The graduation because it was amazing,Trust the timing because it was awkward timing because I wasn't really prepared on time.,Less pressure.,10,,It was helpful.,"I really liked it, it was fun and I really enjoyed it."
Nabeelah/15/11,068,Oaklands High,2024,8-Nov-2024,4,9,8,9,5,6,9,9,5,5,8,9,5,5,8,8,No,,,10,10,10,10,10,10,10,10,5,7,8,8,10,10,5,6,8,9,10,10,8,9,10,10,10,10,10,10,10,10,6,8,9,10,6,8,10,10,5,9,10,10,5,5,9,10,6,7,3,5,5,6,5,6,Excellent,She is a great listener and she gives great feedback on what she heard and i believe she gives great advice ,NA,Missing,/,/,The saturday sessions we have at the life choices headquaters.,Nothing besides the hiking ,All has been well so far ,10,,It is great for your social skill (improving them ) . It improves you adaptability to new environments. ,No comment
Nabeelah/15/11,069,Oaklands High,2024,8-Nov-2024,5,10,4,10,7,10,7,10,6,10,7,10,7,10,6,9,Yes,Prefect/Monitor,No I would not,Incorrect,6,2,10,5,7,9,9,2,5,6,10,6,9,6,8,8,9,7,10,2,6,5,8,6,7,9,10,7,10,8,9,7,8,8,9,7,10,6,10,5,10,7,8,8,10,9,10,7,8,9,10,8,10,Excellent,"My coach has been a very supportive person, she has a contribution to my life. ",Sara,Good,She helped me with finding myself and dealing with my problems.,Better space to talk in and more time to actually,Being able to find myself . Oh and graduating ,Workin in a team (don't like it very much,HAVING CAMP,8,,"I have a friend called Ikho, his a very graet person, but theres something he needs, Life Choices",I was amazing
Nabeelah/15/11,070,Oaklands High,2024,7-Nov-2024,5,9,6,7,7,8,3,9,1,2,4,6,9,10,8,10,Yes,Ambassador+Prefect,No I would not,2,6,6,8,1,1,6,8,9,10,10,10,9,7,1,1,3,6,4,10,2,6,1,1,1,1,9,10,10,10,1,10,2,3,4,6,5,10,5,10,5,6,5,10,4,5,10,10,5,6,10,10,1,1,Good,Dope stuff i'm trying to be a better for you my people.,Sarah,Excellent,/,Nothing,Graduation,I took some time of life choices (leaders quest) due to personal difficulties i has facing in my life that time,Take me to therapy,10,,Its a safe space for boys like me to open up. ,We need camp this time. People were drinking pha.
Nabeelah/21/11,071,Oaklands High,2024,7-Nov-2024,5,9,7,10,6,9,7,9,5,8,5,9,5,9,6,10,Yes,Prefect candidate ,No I would not,6,8,5,9,5,9,10,10,6,8,7,9,5,9,4,9,6,7,7,9,5,7,4,8,5,7,6,8,7,9,6,9,7,10,4,8,7,9,5,7,5,8,5,7,7,9,7,8,7,8,7,9,7,8,Excellent,"I felt so comfortable enough to speak my mind, she is a good listener , she is like a mother to me, she is kind.",,N/A,/ ,N/A,"The finalsessions, we had to write anonymous appreciation note to someone , it was nice.",The public speaking was so hard because i had ro speak infront of strangers,"It opended my mind , i asked very important question that would'nt normally ask myself  ",10,,It is a game change it exposes you to a lot of things,I like the programme.
Nabeelah/21/11,072,Oaklands High,2024,7-Nov-2024,4,7,5,8,6,9,9,10,4,9,5,7,4,5,9,10,Yes,Monitor,Yes I would,4,6,4,4,4,9,5,7,7,10,8,10,9,10,7,8,9,10,10,10,4,6,5,6,7,7,7,9,10,10,4,9,5,7,4,6,6,7,7,7,5,7,4,7,5,7,6,7,7,7,4,5,6,6,Excellent,I ended up changing my ways of thinking.,,N/A,/,/,Coach helping me improve my self thinking,My grades academically ,To be honest in presence there is no improvement that is needed,10,,It's a very nice program,It was a very event.
Nabeelah/21/11,073,Oaklands High,2024,7-Nov-2024,Incorrect,Incorrect,2,5,Incorrect,Incorrect,8,9,6,8,2,2,2,2,4,6,No,,,2,7,3,5,6,9,6,9,7,10,8,9,7,9,1,1,1,3,7,9,3,6,8,10,4,6,Incorrect,Incorrect,5,7,2,4,2,5,1,1,3,7,4,5,4,6,1,3,1,1,6,8,4,8,6,8,Incorrect,Incorrect,Missing,/,/,Missing,/,/,Speech contest/ public speaking,A originally had a fear speaking infront of people but a had courage to do it,/,10,,It helps with self-awareness and development ,/
Nabeelah/21/11,074,Oaklands High,2024,8-Nov-2024,5,8,5,6,6,8,4,7,5,6,4,5,5,7,4,9,No,,No I would not,6,9,4,7,5,8,8,10,5,9,3,7,7,9,3,8,4,6,6,8,4,6,4,5,6,7,4,8,4,5,5,6,4,8,5,5,6,9,6,7,4,8,5,10,6,8,7,8,6,7,3,9,4,6,Good,Coach is a great listener and recommends great solutions.,N/A,Missing,/,/,The graduation ,To speak infront of a large audience,/,9,,For them to become open-minded and positively deal with their emotions...,I loved the food but the rice was undercooked
Nabeelah/21/11,075,Oaklands High,2024,8-Nov-2024,6,10,7,10,5,9,6,10,8,10,2,10,4,7,5,10,No,,Yes I would,4,8,10,10,9,10,10,10,3,8,Incorrect,7,10,10,Incorrect,Incorrect,10,10,10,10,7,9,10,10,4,10,7,10,Incorrect,9,6,10,7,10,4,9,6,10,7,10,2,10,4,10,Incorrect,10,1,10,Incorrect,6,2,7,Incorrect,4,Excellent,/,N/A,Missing,/,/,The graduaton ,Speaking in front of people ,Increasing my confidence to be able to speak in front of people,8,,It is wonderful opportunities to become a better person,I like it a lot
Nabeelah/21/11,076,Oaklands High,2024,8-Nov-2024,5,10,4,10,7,10,6,9,3,7,1,5,1,4,9,10,Yes,Prefect candidate,Yes I would,5,10,6,7,7,10,10,10,10,10,10,10,5,7,1,3,5,7,6,8,5,10,10,10,2,10,5,7,8,9,8,10,9,10,5,7,2,5,1,6,3,7,2,8,3,4,8,9,2,8,5,8,2,8,Excellent,My coach is very understanding and know how to empathise with people,/,N/A,/,/,The hikes in grade 10 ,Expressing my emotions ,I'm very happy with the structure and support provided by life choices,10,,"It provides alot of support , development opportunities and resources",I liked the fact that it was very interactive. I did not like the fact that it was not inclusive.
Nabeelah/21/11,077,Oaklands High,2024,8-Nov-2024,4,10,6,10,7,10,7,10,10,10,9,10,10,10,10,10,Yes,Help in the soop kitchen,Yes I would,9,10,4,9,3,7,10,10,10,10,3,10,6,8,1,10,10,10,8,9,10,10,3,9,10,10,9,10,10,10,10,10,10,10,9,10,10,10,9,10,10,10,10,10,10,10,10,10,10,10,8,10,10,10,Excellent,I started opening up,Forgot her name,Excellent,/,No ,Having a new family ,/,Camp,10,,It's nice to be here,Loved it just love it
Mihle/21/11/2024,078,Oaklands High,2024,8-Nov-2024,7,10,5,10,4,9,6,9,3,10,4,10,4,8,4,10,Yes,I'm a prefect and RCL.,No I would not,8,10,4,7,6,8,6,10,7,9,2,10,4,8,6,8,7,8,4,9,4,8,4,10,4,10,2,9,8,10,3,9,4,7,4,10,6,8,7,8,4,9,6,8,8,10,3,7,6,8,3,10,3,6,Excellent,I'm able to adapt challenges and also I'm able to manage challenging things.,Sarah,Missing,She is a good and productive to her job.,Try to have more one-on-one sessions.,Graduation.,Time management.,Time management still.,9,,Because it provides respect among students and provides leadership skills.,It was good and felt like this is history that's happening.
Mihle/21/11/2024,079,Oaklands High,2024,8-Nov-2024,5,10,6,9,4,7,10,10,5,7,6,8,5,6,4,6,Yes,Executive member in church.,No I would not,5,8,4,6,4,5,5,7,1,4,1,5,5,10,2,8,3,7,4,9,4,8,4,6,4,8,4,8,3,7,5,6,4,5,2,6,4,6,7,10,10,10,4,9,10,10,10,10,5,7,5,7,5,7,Excellent,Coach is a safe space and I can vent as much as I want.,/,Missing,/,/,The graduation ,"Grade 11, dealing with procrastination and the work load and also discovering myself in the process.",We would like a camp for Grade 12.,,,It is a nice program.,"I loved it, I had so much fun and felt safe and pretty."
Mihle/21/11/2024,080,Oaklands High,2024,7-Nov-2024,5,8,3,10,5,10,1,7,3,8,3,5,4,7,1,6,No,/,Missing,2,8,3,7,5,10,5,10,8,10,2,10,3,9,2,8,1,8,3,9,2,7,2,9,3,6,2,8,5,9,2,5,5,9,2,5,3,10,3,9,2,5,2,5,1,1,1,2,1,1,1,6,1,2,Excellent,"I did not have someone to talk to about my future but after the one-on-one session with my coach, I  had some things, she gave me things to think about.",N/A,N/A,N/A,N/A,The graduation.,N/A,Have a camp.,10,,This is the best program I have ever joined so much inspiring sessions are taught.,I liked it becausevI only had certificate of this year and I was happy to make another one. And becauseit was my biggest highlight of the year.
Mihle/21/11/2024,081,Oaklands High,2024,,4,7,2,8,7,8,8,8,4,7,4,4,4,4,7,9,No,/,Missing,10,10,10,10,6,10,2,5,4,7,1,1,5,7,10,10,4,7,7,9,9,10,1,5,2,7,10,10,9,10,1,7,5,9,7,10,4,7,5,8,4,10,4,7,1,5,2,4,4,8,4,9,3,9,Excellent,Coach has good communication skills and a good listener. ,Coach Zee,Missing,/,Nothing,"My highlight of the year, going to hiking.",Nothing,Camp.,9,,/,I enjoyed the food and music.
Mihle/22/11/2024,082,Oaklands High,2024,,3,5,7,5,3,10,2,5,8,8,1,3,1,6,5,Missing,Missing,/,Missing,1,10,5,6,1,10,10,10,2,5,1,2,5,6,1,5,2,7,3,5,1,3,9,8,2,5,2,6,Incorrect,7,5,7,3,5,7,6,6,6,9,8,5,3,3,3,5,4,9,5,7,9,10,7,9,3,Excellent,I was able to open up and express emotions which was something I never did.,Coach Zee and Thakirah,Excellent,She helped me to deal with my insecurities and my personal problems.,Better environment to talk and more time.,Being able to open up to others and ise the strategies I have learnt in LifeChoices in the outside world.,Team work because there is lack of no communication.,"Camp, please camp.",10,,"I have friend called Isiphile, shelacks confidence but she is a very great person.","I did not go to the graduation because I was very sick, my eyes were swollen."
Mihle/22/11/2024,083,Oaklands High,2024,,7,Missing,8,Missing,6,Missing,9,Missing,10,Missing,10,Missing,9,Missing,10,Missing,Yes,Clean community,No I would not,8,Missing,10,Missing,9,Missing,9,Missing,8,Missing,9,Missing,10,Missing,5,Missing,7,Missing,9,Missing,8,Missing,10,Missing,3,Missing,9,Missing,7,Missing,7,Missing,9,Missing,8,Missing,9,Missing,7,Missing,8,Missing,7,Missing,9,Missing,7,Missing,9,Missing,5,Missing,4,Missing,Excellent,Coach is a very understanding person and gives advice of the future things.,/,Missing,/,/,"The graduation, the journey of hope, helping community.",Opening up.,"It's not Life Choices, it's me.",10,,I have recommended it to a leader and she is enjoying it.,"I loved it, everything about it."
Nabeelah/ 22/11,084,Rocklands High,2024,5-Nov-2024,3,8,7,10,9,9,10,10,8,9,9,10,10,10,9,10,No,,,9,10,9,9,10,10,9,10,8,9,9,10,7,9,7,8,10,10,9,10,7,9,9,9,6,10,9,9,10,10,9,10,8,9,7,7,8,9,10,10,9,10,10,10,10,10,10,10,10,10,8,8,10,10,Good,I am aware of most of my problems or what the solution might be but it was good to feel heard and say things i can only share with myself.,Coach Luzuko,Excellent,/,N/A,Going on our trip to orphanage where we gave luxries to little kids. We heard many stories from many backgrouds and is going ,Maintaining academics and being in programmes. Finding an activities to do our deed as the youth,Time management/ more practical activities that has a meaning ,9,,Leaders quest help me tackle inequalities and help me overcome most of my fears.,"Amazing! long wait on food, but it was worth it. We could feel the love in the room. To even have a graduation was amazing."
Tamia/22/11/2024,085,Rocklands High,2024,5-Nov-2024,Incorrect,10,5,10,6,10,7,10,10,10,7,10,4,10,10,10,No,/,No I would not,7,10,3,Incorrect,5,10,10,10,3,10,3,10,10,10,Incorrect,10,5,10,Incorrect,10,10,10,4,10,4,9,7,10,10,10,10,10,7,9,8,10,5,10,6,10,7,10,10,10,10,10,10,10,10,10,10,10,10,10,Excellent,He could understand me like from men to men talk and could relate to me.,/,Missing,/,/,How we could always come together and speak our minds out and share a part of ourself knowing we won't get judged.,To share a part of me or to talk about my emotions,The experience was exellent making to change,10,,So they can also learn the how to become aleadr and how they can do that.,"The final graduation was well planned the food and music was goo and just had fun and a good time,"
Mihle/21/11/2024,086,Rocklands High,2024,5-Nov-2024,1,7,3,7,4,6,8,9,5,7,6,7,2,4,9,10,No,,,2,5,4,6,6,8,6,8,6,8,7,9,7,8,3,4,5,6,6,7,7,8,8,9,5,7,4,5,7,8,7,8,5,7,6,7,6,7,8,9,4,6,7,8,5,6,7,8,6,6,7,7,5,6,N/A,/,/,N/A,/,/,Highlight was thr graduation ceremony at the end of the year.,Having the consistency to attend afterschool sessions every week and pushing myself out of my comfort zone.,More seminar types of events which focus on absorbing knowledge rather than games such which I felt waas not helpful.,7,,"The program is a great help, especially when it comes to social skills.","The venue was set up well, the meat wasn't cooked well. The ceremony could b e better tailored to all cultures, especially the variety not inclusive of everyone's taste."
Mihle/21/11/2024,087,Rocklands High,2024,5-Nov-2024,5,7,6,8,9,9,8,9,9,9,9,10,7,7,8,9,No,,Yes I would,5,9,9,9,7,8,10,10,7,8,7,8,7,9,9,8,8,7,9,10,7,8,6,9,4,7,5,7,7,9,8,8,7,8,5,7,3,6,4,7,5,9,6,8,7,9,5,7,8,9,6,8,9,10,Good,"His listening skills were really good, I didn't feel lectured but empowered and not judged.",/,N/A,/,/,The valedictory other than that the after school sessions.,Time management.,IDK,9,,It was truly beneficial and provided us with many wonderful learning experiences.,"The salad wasn't nice, salad dressing other than that, well done."
Mihle/21/11/2024,088,Rocklands High,2024,5-Nov-2024,,7,3,8,5,9,6,9,7,7,3,6,4,5,5,9,Yes,Monitor,Yes I would,2,5,4,6,5,9,9,9,8,8,7,9,6,7,2,2,5,7,4,5,5,7,2,5,6,8,3,7,5,8,3,5,5,1,6,8,3,5,2,5,3,4,7,9,8,9,6,8,5,7,5,7,5,7,N/A,/,/,N/A,/,/,Graduation,The commitment.,Make it more fun.,5,,It is very helpful.,"It was great, just would like to go on the hike again."
Mihle/21/11/2024,089,Rocklands High,2024,5-Nov-2024,7,8,5,6,8,9,4,10,10,10,6,5,7,7,10,10,Yes,RCL Member,Yes I would,4,7,5,6,3,5,10,10,4,4,6,8,4,6,3,2,5,5,6,6,7,2,5,5,5,4,7,9,10,10,5,7,6,5,5,7,4,6,5,4,3,2,4,3,1,1,4,5,3,2,4,5,2,2,,Did not receive any.,/,Missing,/,Did not receive any.,The graduation party. It was so memorable.,"The after school sessions, having to attend after a long day.",Do more physical activities.,7,,Leaders' Quest is a really good program that teaches so much about self development.,"The graduation had the best vibes, I absolutely loved Coach Zee on the mic."
Tamia/22/11/2024,090,Rocklands High,2024,5-Nov-2024,4,9,3,10,6,9,8,10,9,10,8,10,4,8,9,10,Yes,RCL Member,Yes I would,7,10,6,9,4,10,10,10,8,9,10,10,10,10,3,9,5,10,8,9,8,10,9,10,4,9,9,10,10,10,8,10,9,10,4,9,6,10,8,10,6,10,7,10,6,10,9,10,6,10,3,10,2,10,Excellent,He hear our views and gave us a chanceto speak openly and he made each session exciting.,Thaakirah,Excellent,She didn't judge me and I felt free to express my emotions and learnt how was to think about my problems and situations.,N/A,When we met with the other kids from other schools. The relationships we built through that.,Showing up even if I was facing challenges. The exhuastion of the after school sessions.,No Comment.,10,,It is an amazing program which can help build and shape average people to become great leaders.,It was fun and amazing. I loved the food and music and let's not forget the dancing.
Tamia/22/11/2024,091,Rocklands High,2024,5-Nov-2024,2,7,5,9,4,8,5,9,3,10,2,5,3,6,7,10,No,N/A,Missing,5,9,5,8,4,10,10,10,5,9,4,6,6,8,6,9,3,10,4,8,6,10,1,5,2,6,6,9,4,7,6,9,5,8,3,7,5,10,8,10,5,10,7,10,10,10,5,7,5,10,5,10,8,10,Excellent,"My coach listened to my views about situations and gave me his views and possibly their views, he helped me understand other people better.",N/A,Missing,N/A,N/A,"The saturday sessions, the lessons we learned definitely stuck with them.","It was the after school sessions because of school work, etc. But I made sure the sessions was part of my schedule .",No Comment.,10,,You met people of different backgrounds and gain more people that support you in various ways.,"The graduation was amazing, nothing to complain about."
Mihle/20/11/2024,092,Intsebenziswano High,2024,8-Nov-2024,4,9,5,10,2,9,5,8,4,10,3,10,2,5,4,10,No,,Yes I would,8,10,4,9,3,8,4,6,5,10,5,10,6,10,2,5,5,10,6,10,7,10,3,4,2,5,1,10,5,10,5,10,3,9,4,8,5,3,6,10,7,9,4,10,5,10,8,10,Missing,10,Missing,10,Missing,10,Good,It was good because we understood each other.,None,,/,No,My highlight for the year was when we had our sea section about choosing first options and 2-3 years questions.,This year was challenging in terms of education and challenging about my life.,My leadership trainings.,10,,"L. F. C. It is very good, it helps you to leave others things.","The graduation was good, the food was good but it was small"
Mihle/20/11/2024,093,Intsebenziswano High,2024,8-Nov-2024,3,9,1,9,1,9,4,9,5,9,7,9,1,7,7,9,Yes,I am Columba leader.,No I would not,7,9,9,9,8,9,9,9,7,8,2,6,8,10,1,10,1,10,9,9,1,7,1,5,4,6,1,9,5,7,7,8,7,7,1,6,5,9,7,9,1,9,7,10,10,10,9,9,7,10,3,10,1,10,Excellent,Everyhing that I wanted to talk about like something personal.,Marlene,Excellent,She makes it so easy to talk about my personal stuff.,We should have the counselling support at least 3 times a month.,The afternoon sessions.,Nothing,Do camps for the next year's grade 12s.,10,,They taught me about planning and time management.,The graduation was good.
Mihle/20/11/2024,094,Intsebenziswano High,2024,8-Nov-2024,4,9,4,10,1,5,9,9,2,7,2,10,Missing,Missing,6,9,No,,Incorrect,1,10,1,10,10,10,Missing,10,5,9,2,8,7,9,2,8,2,10,5,7,5,10,4,9,4,10,2,9,Missing,9,8,10,4,10,,,4,8,2,10,Missing,9,4,10,3,10,Missing,10,1,10,3,10,3,10,Excellent,Because I was able to speak about things that I've never told anyone before and I felt relieved.,N/A,,/,N/A,Attending the graduation. Receiving study material. Getting to know new people.,Maintaining my attendance record.,N/A,10,,"You get to know yourself, learn important lessons and get help with school work.","I liked the food and decor, what I didn't like is that thefood was served was little."
Mihle/20/11/2024,095,Intsebenziswano High,2024,8-Nov-2024,10,10,2,9,9,4,10,9,10,4,2,8,6,7,10,10,Yes,,Incorrect,1,7,7,10,5,10,10,9,2,6,1,8,9,8,10,9,9,10,8,10,7,10,10,10,10,10,10,10,10,10,5,10,5,10,3,10,10,7,6,10,1,10,2,8,3,9,3,10,3,10,4,10,4,10,Good,Because I was able to express how I felt.,Coach Sne,Good,I expressed all my traumas and how I don't feel that weight anymore.,Increase the days of counselling sessions,"It was amzing, there was no negative energy, it was flowing and positive.",Nothing,,9,,"Because it provides resources, life lessons and experiences.","I liked it, it was amazing, I had a lot of fun dancing and engaging with other people."
Mihle/20/11/2024,096,Intsebenziswano High,2024,8-Nov-2024,7,10,7,10,5,8,9,10,9,10,5,8,5,8,10,10,No,,,5,10,3,6,10,10,3,5,8,10,4,5,8,10,4,6,10,10,10,10,10,10,8,9,5,7,7,10,4,6,7,10,5,8,4,6,5,10,5,10,10,10,7,9,7,8,7,8,5,8,5,7,5,8,Excellent,I was able to tell him about my challenges.,,,/,/,Graduation day.,Interacting with other race.,"Nothing, they aredoing their best.",10,,I have learnt a lot about being a lot confident.,Everything.
Mihle/21/11/2024,097,Intsebenziswano High,2024,8-Nov-2024,7,9,6,10,8,9,7,10,5,9,8,10,10,10,7,8,No,,No I would not,5,8,6,9,7,10,7,9,8,10,5,8,7,10,7,9,8,10,5,9,6,9,9,10,5,8,5,7,6,8,5,7,6,8,5,8,6,8,7,8,5,9,7,9,7,8,7,8,5,8,5,7,5,8,Excellent,It is because I cantell him about challenges that I am going through as a tree and he is a good adviser.,,,/,/,It was the graduation day.,Trying new things and interacting with other races and the social project.,"Nothing, theyb are doing their best.",10,,It is because I have learnt a lot about being a leader.,Everything.
Mihle/21/11/2024,098,Intsebenziswano High,2024,8-Nov-2024,2,9,Incorrect,9,5,10,3,10,5,9,3,7,Incorrect,5,10,10,No,,No I would not,5,10,6,9,7,10,10,10,7,10,1,7,5,9,2,7,7,10,5,7,4,10,3,7,7,10,7,10,2,9,3,7,5,9,3,7,5,8,1,9,1,9,3,7,1,7,3,10,3,9,3,7,1,5,Excellent,"Because Coach knows how to ask the questions I wanted to be asked and how to advice me in the right decision, the made in my life and he didn't want to say. He was very emphathetic.",,N/A,/,/,"The graduation, it was really impressive andwe had fun and receiving our certificates was really more impressive and the motivations got me motivated.",Public speaking because I was not used to speaking in front of many people.,N/A,10,,Because L eaders' Quest is really a great place to be because you're being taught things that benefit you and how to understand yourself more.,"I love it because was my first ever graduation and I enjoyed myself at the graduation, best moment of my life."
Mihle/21/11/2024,099,Intsebenziswano High,2024,8-Nov-2024,4,9,3,5,4,9,2,10,7,9,4,7,2,8,6,9,Yes,It is because of being always available to sessions at Life Choices.,No I would not,4,9,5,5,3,6,5,8,3,6,4,5,6,7,5,6,5,10,4,9,5,10,2,7,5,6,5,9,6,8,5,7,7,9,3,5,5,7,6,9,3,5,1,5,2,5,4,6,3,7,2,6,4,7,Excellent,"The reason I'm ticking excellent is because I was able to vent about my personal problems, it has been a good one-onn-one with thr advices I got.",N/A,,/,/,"The highlight of the year was when we did a social project as a team, where we worked together asa team in giving community something.",To be honest I didn't find anything challenging this year with Leaders' Quest.,"Life Choices could have improve, nothing. There is nothing to improve in my experience as a Leaders' Quest.",10,,Because it has been a good journey and a helpful one.,"I really did have my best time, I liked everything."
Mihle/21/11/2024,100,Intsebenziswano High,2024,8-Nov-2024,3,8,4,10,5,9,7,10,4,6,3,5,3,4,4,10,Yes,It's important part you place.,Yes I would,3,5,2,4,5,8,2,6,3,4,2,4,4,6,Incorrect,2,4,7,3,5,4,7,6,8,4,7,6,8,3,4,3,5,2,4,Incorrect,2,4,7,5,9,3,4,2,7,4,6,5,7,3,5,2,3,Incorrect,1,Good,It was good because I vented on my coach telling him more about how I'm stressing  through academics and the anxiety around my community and he came up with solutions and advices on how to tackle these life problems of mine.,,Missing,/,/,/,/,/,Missing,,/,/
Nabbelah/20/11,101,Fezeka High,2024,7-Nov-2024,4,10,3,10,7,9,9,10,1,5,Incorrect,7,Incorrect,1,9,10,Yes,Class Rep,Yes I would,6,10,3,9,2,9,5,10,7,9,3,10,7,10,1,7,4,10,7,10,10,10,7,10,Incorrect,5,10,10,10,10,8,10,7,10,6,10,5,9,4,8,7,10,7,10,10,9,10,10,6,10,3,7,1,6,N/A,/,/,Missing,/, N/A,Graduation,Activites that are getting old and unfun so y'all have to create more,"Camps, and more activities ",5,,Because it's life changing ,"I liked the decor & the music , and especially the seremuous food y'all made."
Nabeelah/22/11,102,Rocklands High,2024,5 Nov 2024,4,8,5,8,4,6,9,10,9,10,8,10,9,10,9,10,Yes,A monitor,Yes I would,8,10,7,9,8,9,8,9,9,10,7,9,6,9,9,10,7,9,8,9,9,9,5,8,8,10,9,10,7,8,8,10,9,10,6,8,9,10,10,10,9,9,9,9,8,9,9,10,10,10,9,9,9,10,Good,I always feel like there is a weight lifed off from my shoulders after having a one-on-one with mu coach.,,Good,Very good at what he does and very understanding,None ,The highlight of my year was truly discovering more about myself as an individule.,I did not find anything challenging.,None.,8,,This programme can really help within your personal life.,The graduation was good. The starters was not too good. The meat was tough to cut through. The desert was melting and not what exspected
Mihle/22/11/2024,103,Fezeka High,2024,22-Nov-2024,8,10,7,10,9,10,6,9,4,10,10,10,8,10,9,10,Yes,Helping kids study.,No I would not,8,10,6,10,3,9,10,10,4,10,9,10,5,9,3,9,5,9,4,9,2,8,2,10,4,9,4,10,8,10,7,9,4,8,3,6,4,8,5,10,6,10,7,10,6,9,5,10,4,9,5,10,4,10,Excellent,I is because I've learnt that people are important as much as I am important to people.,Marlene,Excellent,I felt good about myself and found a purpose of continuing and finding peace with myself.,N/A,It was the speach (my journey) it showed me  whatvI was capable of and to share my story.,"Working as a group, we have our misunderstandings and all.",N/A,10,,This gives children a platform  to be themselves and to focus on what they want and teaches us about humanity.,I liked everything about it.